Data;Últ;Mín;Máx;Abe
05/02/2021;28.08;27.89;28.45;28.31
04/02/2021;28.2;27.88;28.56;28.53
03/02/2021;28.32;28.21;28.9;28.76
02/02/2021;28.46;28;29.3;29.08
01/02/2021;29.08;28.74;29.42;29
29/01/2021;28.32;28.28;29.53;29.2
28/01/2021;29.37;28.22;29.61;28.28
27/01/2021;28.22;27.85;28.97;28.1
26/01/2021;28.24;28.13;29.83;28.97
22/01/2021;29.21;28.92;29.41;29.19
21/01/2021;29.85;29.59;30.4;30.26
20/01/2021;30.26;30.05;31.04;30.99
19/01/2021;30.77;30.49;31.55;31.43
18/01/2021;31.14;31.08;31.87;31.6
15/01/2021;31.3;31.29;32.33;31.99
14/01/2021;32.53;31.61;32.87;31.96
13/01/2021;31.59;31.2;32.47;32.12
12/01/2021;32.12;31.96;32.39;32.12
11/01/2021;32.02;31.66;32.64;32.41
08/01/2021;32.75;32.37;33.37;32.86
07/01/2021;32.76;31.44;32.99;31.59
06/01/2021;31.49;30.73;32;30.92
05/01/2021;30.64;30.11;31;30.67
04/01/2021;30.84;30.78;31.93;31.92
30/12/2020;31.55;31.55;32.25;32.12
29/12/2020;32.02;31.85;32.31;32.19
28/12/2020;32.09;31.93;32.35;32.14
23/12/2020;31.86;31.19;31.97;31.24
22/12/2020;31.17;31.07;31.57;31.09
21/12/2020;31.02;30.83;31.42;30.97
18/12/2020;31.58;31.43;32.04;31.64
17/12/2020;31.63;31.49;32.07;31.81
16/12/2020;31.67;30.94;32.1;31.16
15/12/2020;31.08;30.85;31.32;30.89
14/12/2020;30.8;30.8;31.55;31.39
11/12/2020;31.22;30.73;31.4;31.09
10/12/2020;31.42;30.63;31.59;30.63
09/12/2020;30.41;30.16;30.61;30.26
08/12/2020;30.23;30.06;31;30.31
07/12/2020;30.31;29.9;30.93;30.12
04/12/2020;30.13;29.53;30.28;30.09
03/12/2020;29.83;29.78;30.75;30.01
02/12/2020;29.85;29.32;30.11;29.8
01/12/2020;29.63;28.82;30.34;28.93
30/11/2020;28.43;28.43;29.06;28.83
27/11/2020;28.82;28.76;29.65;28.91
26/11/2020;28.6;28.49;29.2;29.15
25/11/2020;29.22;28.79;29.65;29.48
24/11/2020;29.57;28.96;30.04;28.96
23/11/2020;28.76;28.59;29.07;28.71
20/11/2020;28.42;28.26;28.84;28.59
19/11/2020;28.67;28.54;29.26;28.76
18/11/2020;28.63;28.58;29.43;29.29
17/11/2020;29.35;28.76;29.47;29.23
16/11/2020;29.33;28.76;29.45;28.88
13/11/2020;28.34;27.86;28.47;28.04
12/11/2020;27.81;27.46;28.71;28.29
11/11/2020;28.51;28.08;28.86;28.62
10/11/2020;28.74;27.52;29.01;27.52
09/11/2020;27.5;26.61;27.89;26.61
06/11/2020;25.44;25.14;25.7;25.23
05/11/2020;25.47;25.29;25.82;25.39
04/11/2020;24.88;24.75;25.62;25.38
03/11/2020;23.93;23.6;24.21;23.79
30/10/2020;23.35;23.11;23.8;23.52
29/10/2020;23.77;22.92;23.91;23.45
28/10/2020;23.65;23.6;24.29;24.12
27/10/2020;24.76;24.56;26.03;25.96
26/10/2020;25.48;25.03;25.72;25.16
23/10/2020;25.3;25.27;26.16;25.76
22/10/2020;25.63;24.42;25.78;24.44
21/10/2020;24.38;23.94;24.81;24.13
20/10/2020;24.16;23.37;24.27;23.39
19/10/2020;23.24;22.82;23.82;23.13
16/10/2020;22.99;22.97;23.32;23.29
15/10/2020;23.36;23.14;23.6;23.33
14/10/2020;23.57;23.53;23.84;23.76
13/10/2020;23.64;23.49;24;23.85
09/10/2020;23.87;23.46;24.48;23.77
08/10/2020;23.94;22.48;24.15;22.6
07/10/2020;22.58;22.45;22.88;22.81
06/10/2020;22.75;22.59;23.26;22.97
05/10/2020;22.71;22.22;22.89;22.6
02/10/2020;22.47;22.22;23.2;22.24
01/10/2020;22.4;22.06;22.48;22.43
30/09/2020;22.37;22.24;22.55;22.44
29/09/2020;22.27;22.17;22.77;22.76
28/09/2020;22.76;22.44;23.76;23.11
25/09/2020;22.77;22.48;22.84;22.67
24/09/2020;22.89;22.29;23.2;22.37
23/09/2020;22.35;22.34;22.99;22.78
22/09/2020;22.96;22.62;23.17;22.71
21/09/2020;22.76;22.32;22.88;22.61
18/09/2020;22.96;22.89;23.48;23.36
17/09/2020;23.55;23.25;23.69;23.36
16/09/2020;23.52;23.5;24.07;23.62
15/09/2020;23.59;23.46;24.08;24.02
14/09/2020;23.91;23.18;24.07;23.65
11/09/2020;23.49;23.29;23.93;23.81
10/09/2020;23.77;23.76;24.51;24.25
09/09/2020;24.28;24.02;24.66;24.45
08/09/2020;24.25;24.12;24.62;24.41
04/09/2020;24.81;24.4;25.14;25.01
03/09/2020;24.73;24.02;25.35;24.05
02/09/2020;24.14;23.76;24.3;24.2
01/09/2020;24.19;23.59;24.19;23.73
31/08/2020;23.39;23.39;24.13;24.01
28/08/2020;24.27;23.99;24.4;24.14
27/08/2020;24.02;23.64;24.34;23.73
26/08/2020;23.63;23.35;24.2;24.14
25/08/2020;24.14;23.96;24.54;24.48
24/08/2020;24.32;24.07;24.67;24.09
21/08/2020;23.92;23.65;24.08;23.75
20/08/2020;23.96;23.38;24.08;23.54
19/08/2020;23.96;23.86;24.26;24.16
18/08/2020;24.08;23.89;24.48;24.46
17/08/2020;23.94;23.65;24.54;24.51
14/08/2020;24.52;24.16;25;24.36
13/08/2020;24.29;24.29;25.33;25.24
12/08/2020;25.01;24.7;25.64;25.47
11/08/2020;25.29;25.29;26.07;25.9
10/08/2020;25.59;25.19;25.86;25.3
07/08/2020;25.26;25.18;26.23;25.41
06/08/2020;25.81;25.19;26.08;25.48
05/08/2020;25.45;25.14;26.08;25.93
04/08/2020;25.47;25.19;26.46;26.03
03/08/2020;27.05;26.28;27.47;26.87
31/07/2020;26.65;26.55;27.73;27.69
30/07/2020;27.56;27.17;27.97;27.62
29/07/2020;28.03;27.63;28.23;27.9
28/07/2020;27.39;27.27;28;27.47
27/07/2020;27.55;26.3;27.67;26.39
24/07/2020;26.23;25.87;26.64;26.11
23/07/2020;26.26;26.22;26.89;26.86
22/07/2020;26.83;26.53;27.6;27.6
21/07/2020;27.45;27.11;27.79;27.35
20/07/2020;27.05;26.72;27.28;27
17/07/2020;26.97;26.76;27.15;26.87
16/07/2020;26.74;26.68;27.07;26.92
15/07/2020;27.19;26.83;27.55;27.29
14/07/2020;27;26.2;27.17;26.51
13/07/2020;26.56;26.56;27.3;27.2
10/07/2020;26.95;26.38;27.06;26.71
09/07/2020;26.71;26.34;26.92;26.78
08/07/2020;26.7;26.26;26.83;26.41
07/07/2020;26.13;26.08;27.46;27.18
06/07/2020;27.48;26.61;27.6;26.87
03/07/2020;26.26;25.96;26.45;26.15
02/07/2020;26.31;26.17;27;26.26
01/07/2020;25.86;25.31;25.97;25.37
30/06/2020;25.21;25.21;26.06;25.97
29/06/2020;26.23;25.5;26.26;25.65
26/06/2020;25.46;25.29;25.97;25.46
25/06/2020;25.9;25.26;26.08;25.78
24/06/2020;25.59;25.35;26.66;26.53
23/06/2020;26.6;26.3;27.48;27.43
22/06/2020;26.96;26.65;27.97;27.77
19/06/2020;27.82;27.31;27.97;27.83
18/06/2020;27.28;26.07;27.64;26.25
17/06/2020;26.25;25.9;26.68;25.93
16/06/2020;25.93;25.45;26.31;26.25
15/06/2020;25.21;24.79;25.74;24.86
12/06/2020;25.81;25.37;26.12;25.66
10/06/2020;26.33;26.23;27.9;27.84
09/06/2020;27.53;27;27.97;27.3
08/06/2020;28.09;27.25;28.21;27.34
05/06/2020;27;26.92;28.42;27.89
04/06/2020;26.41;25.23;26.57;25.52
03/06/2020;25.67;25.55;26.51;26.05
02/06/2020;25.01;23.6;25.06;23.77
01/06/2020;23.43;22.48;23.62;22.61
29/05/2020;22.8;22.48;23.06;22.94
28/05/2020;23.07;23.07;23.8;23.25
27/05/2020;23.49;22.92;23.49;23.4
26/05/2020;22.77;22.63;24.17;24.08
25/05/2020;23.71;23.15;23.94;23.66
22/05/2020;22.72;21.98;23.11;22.37
21/05/2020;22.61;21.49;22.61;21.5
20/05/2020;21.38;21.14;21.72;21.7
19/05/2020;21.47;21.39;22.49;22.4
18/05/2020;22.44;21.78;22.7;22.22
15/05/2020;21.41;21.41;22.54;22.27
14/05/2020;22.32;20.52;22.36;21.09
13/05/2020;21.38;20.98;21.71;21.52
12/05/2020;21.39;21.37;22.43;22.28
11/05/2020;22.15;21.94;22.79;21.94
08/05/2020;22.09;21.68;22.54;21.79
07/05/2020;21.22;20.91;22.25;22.15
06/05/2020;22.01;21.77;22.55;22.37
05/05/2020;22.47;21.69;23.13;21.97
04/05/2020;21.67;21.56;21.86;21.72
30/04/2020;22.52;22.21;23.08;22.34
29/04/2020;23.4;22.91;23.86;23.74
28/04/2020;23.1;22.34;23.35;22.73
27/04/2020;21.33;20.87;21.9;21.3
24/04/2020;20.65;20.15;21.58;21.5
23/04/2020;21.81;21.6;22.49;22.41
22/04/2020;22.13;21.97;22.88;22.16
20/04/2020;22.39;22.25;22.72;22.47
17/04/2020;22.97;22.36;23.35;23.18
16/04/2020;22.56;22.55;23.56;23.44
15/04/2020;23.14;23.11;24.21;23.59
14/04/2020;24.03;24.03;24.88;24.19
13/04/2020;23.74;22.77;23.74;23.19
09/04/2020;23.24;23.24;24.43;24.19
08/04/2020;23.92;22.69;24.12;22.76
07/04/2020;22.75;22.67;23.62;23.24
06/04/2020;21.94;21.65;22.43;21.9
03/04/2020;20.43;19.79;21.25;21.19
02/04/2020;21.27;20.92;21.76;21.15
01/04/2020;21.17;20.96;22.14;21.98
31/03/2020;22.82;22.55;23.97;23.67
30/03/2020;23.83;22.57;24.11;22.84
27/03/2020;22.7;22.25;23.74;22.75
26/03/2020;23.97;23.45;24.53;23.95
25/03/2020;23.33;21.76;24.44;21.97
24/03/2020;22.24;21.25;23.01;21.45
23/03/2020;20.28;19.77;22.23;22
20/03/2020;21.8;21.35;23.69;23.12
19/03/2020;22.59;20.89;23.46;22.51
18/03/2020;23.18;21.29;23.97;23.69
17/03/2020;24.91;23.23;26.4;24.23
16/03/2020;23.52;22.46;25.36;23.23
13/03/2020;25.91;23.38;26.87;26.63
12/03/2020;23.33;22.15;24.28;22.93
11/03/2020;25.87;24.74;27.81;27.48
10/03/2020;28.16;27.25;29.36;29.16
09/03/2020;27.48;27.05;28.12;27.68
06/03/2020;29.52;28.98;30;29.26
05/03/2020;30.17;29.83;31.13;30.9
04/03/2020;31.23;30.57;31.46;31.44
03/03/2020;30.94;30.6;31.6;31.28
02/03/2020;31.51;30.91;31.92;31.53
28/02/2020;31.62;30.43;31.69;30.73
27/02/2020;30.7;30.2;31.94;30.33
26/02/2020;30.68;30.4;31.22;30.73
21/02/2020;32.29;32.06;32.5;32.39
20/02/2020;32.68;32.52;32.94;32.9
19/02/2020;32.8;32.22;33.08;32.39
18/02/2020;32.33;31.69;32.43;32.08
17/02/2020;32.2;32.07;32.67;32.67
14/02/2020;32.5;32.36;33.06;32.94
13/02/2020;33.06;32.87;33.44;33.36
12/02/2020;33.57;33.41;34.1;33.81
11/02/2020;33.71;33.3;34.07;33.8
10/02/2020;32.95;32.37;33.23;32.42
07/02/2020;32.4;31.72;32.82;31.77
06/02/2020;31.99;31.83;32.43;32.39
05/02/2020;32.07;32.07;32.8;32.4
04/02/2020;31.87;31.62;32.16;32.07
03/02/2020;31.62;31.52;32.02;31.72
31/01/2020;31.53;31.26;32.08;31.7
30/01/2020;32.14;31.3;32.14;31.37
29/01/2020;31.68;31.63;32.46;32.37
28/01/2020;32.18;31.99;32.64;32.44
27/01/2020;32.19;32.1;32.75;32.42
24/01/2020;32.9;32.62;33.26;33.25
23/01/2020;33.15;32.09;33.44;32.19
22/01/2020;32.38;32.19;32.73;32.52
21/01/2020;32.19;32.13;33.13;32.68
20/01/2020;32.89;32.82;33.63;33.43
17/01/2020;33.57;33.37;33.91;33.53
16/01/2020;33.34;33.07;33.69;33.53
15/01/2020;33.27;33.05;33.57;33.52
14/01/2020;33.68;33.27;33.68;33.55
13/01/2020;33.68;33.38;34.01;33.65
10/01/2020;33.24;33.21;34.06;33.7
09/01/2020;33.54;33.17;34.52;34.39
08/01/2020;34.22;34.22;35.37;35.02
07/01/2020;34.79;34.79;35.78;35.62
06/01/2020;35.62;35.46;36.11;36.08
03/01/2020;36.15;35.98;36.74;36.03
02/01/2020;36.54;35.54;36.54;35.82
30/12/2019;35.63;35.4;36.1;35.86
27/12/2019;35.82;35.45;36.2;36.01
26/12/2019;35.92;35.2;35.92;35.34
23/12/2019;35.38;34.87;35.38;35.05
20/12/2019;35.05;34.86;35.25;35.18
19/12/2019;35.21;34.68;35.25;34.73
18/12/2019;35.03;34.31;35.29;34.5
17/12/2019;34.59;34.13;34.84;34.33
16/12/2019;34.07;34.07;35.19;35
13/12/2019;34.87;33.95;34.93;34.38
12/12/2019;34.15;33.92;34.63;34.49
11/12/2019;34.16;34.12;35.18;35.02
10/12/2019;34.56;34.33;35.28;35.07
09/12/2019;35.07;34.32;35.39;34.54
06/12/2019;34.4;34.4;35.19;35.02
05/12/2019;35.03;34.83;35.57;34.9
04/12/2019;35.08;33.87;35.09;33.96
03/12/2019;33.86;33.5;34.26;34.15
02/12/2019;33.85;33.43;34.08;33.51
29/11/2019;33.38;32.9;33.41;33.25
28/11/2019;33.18;32.63;33.28;33.04
27/11/2019;33.28;32.86;33.5;33.28
26/11/2019;33.09;32.94;33.65;33.57
25/11/2019;33.78;33.58;34.43;34.33
22/11/2019;34.27;33.77;34.36;33.82
21/11/2019;34.04;33.6;34.05;33.69
19/11/2019;33.69;33.42;34.14;34.05
18/11/2019;34.07;34.03;34.72;34.53
14/11/2019;34.22;33.72;34.33;34.05
13/11/2019;34;33.74;34.37;34.21
12/11/2019;34.34;33.98;34.81;34.55
11/11/2019;34.94;34.43;35.29;34.72
08/11/2019;34.79;34.55;35.28;34.87
07/11/2019;35.31;35.07;35.44;35.28
06/11/2019;35.1;35.07;35.83;35.58
05/11/2019;35.58;35.29;36.44;36.1
04/11/2019;34.98;34.76;35.25;34.96
01/11/2019;34.86;34.44;35.4;35.16
31/10/2019;34.73;34.21;35.16;34.8
30/10/2019;35.35;34.43;35.47;34.96
29/10/2019;35.13;35.06;35.69;35.56
28/10/2019;35.76;35.02;35.98;35.14
25/10/2019;35.28;34.84;35.6;35.04
24/10/2019;35.05;34.64;35.31;34.95
23/10/2019;34.89;34.04;35.23;34.12
22/10/2019;34.4;33.24;34.41;33.33
21/10/2019;33.36;32.59;33.43;32.84
18/10/2019;32.83;32.74;33.19;33.19
17/10/2019;33.22;32.9;33.68;33.41
16/10/2019;33.42;32.43;33.53;33.05
15/10/2019;32.95;32.78;33.21;33.06
14/10/2019;33.03;32.33;33.11;32.41
11/10/2019;32.48;32.2;32.86;32.21
10/10/2019;32.07;31.65;32.17;31.73
09/10/2019;31.84;31.28;32.06;31.63
08/10/2019;31.34;31.21;31.9;31.75
07/10/2019;31.47;31.43;32.25;31.91
04/10/2019;32.07;31.42;32.12;31.86
03/10/2019;31.91;31.49;32.21;31.87
02/10/2019;31.91;31.75;32.54;32.45
01/10/2019;32.81;32.79;33.85;33.77
30/09/2019;33.57;33.57;34.3;34.07
27/09/2019;34.05;33.51;34.15;34.11
26/09/2019;34.19;33.16;34.21;33.42
25/09/2019;33.23;32.63;33.46;32.76
24/09/2019;32.85;32.69;33.43;33.37
23/09/2019;33.19;32.77;33.27;33.25
20/09/2019;33.3;33.18;33.64;33.42
19/09/2019;33.21;33.08;34.34;34.06
18/09/2019;33.78;33.38;34.15;33.89
17/09/2019;33.88;33.42;33.97;33.44
16/09/2019;33.76;33.45;34.13;34.05
13/09/2019;34.37;34.03;34.89;34.03
12/09/2019;33.91;33.68;34.11;34.02
11/09/2019;33.7;33.53;34.19;34.03
10/09/2019;33.86;33.63;34.78;34.6
09/09/2019;34.53;33.88;34.79;33.89
06/09/2019;33.7;32.82;33.76;32.82
05/09/2019;32.61;32;33.21;32.03
04/09/2019;31.71;31.44;31.92;31.89
03/09/2019;31.49;31.4;32.4;32.11
02/09/2019;32.1;32.1;32.76;32.49
30/08/2019;32.51;32.36;33.1;33.07
29/08/2019;32.65;32.13;33.02;32.62
28/08/2019;32.48;31.76;32.65;31.82
27/08/2019;32.12;31.69;32.5;31.75
26/08/2019;31.74;31.31;32.02;32
23/08/2019;31.75;31.54;32.47;31.7
22/08/2019;32.13;32.09;32.88;32.71
21/08/2019;32.64;32.34;32.89;32.75
20/08/2019;32.39;32.14;33;32.92
19/08/2019;32.76;32.48;33.4;33.19
16/08/2019;32.9;32.69;33.39;33.33
15/08/2019;32.77;32.59;33.22;33.22
14/08/2019;32.86;32.79;33.3;33.15
13/08/2019;33.6;32.88;33.82;32.94
12/08/2019;32.96;32.95;33.75;33.71
09/08/2019;34.38;34.04;34.64;34.63
08/08/2019;34.64;34.33;34.97;34.64
07/08/2019;34.46;32.73;34.46;32.84
06/08/2019;33.23;32.58;33.23;32.72
05/08/2019;32.26;31.87;32.51;32.02
02/08/2019;32.71;32.38;32.96;32.77
01/08/2019;32.66;32.66;33.82;32.97
31/07/2019;32.59;32.48;33.49;33.45
30/07/2019;33.48;33.37;34.44;34.44
29/07/2019;34.63;34.11;34.88;34.4
26/07/2019;34.49;33.7;34.7;34.14
25/07/2019;33.88;33.67;35.24;35.24
24/07/2019;34.96;34.75;35.33;35.1
23/07/2019;34.98;34.38;35.14;34.86
22/07/2019;34.65;34.27;34.86;34.34
19/07/2019;34.07;34.07;34.89;34.7
18/07/2019;34.98;34.12;34.98;34.13
17/07/2019;34.07;34.05;34.55;34.25
16/07/2019;34.16;33.89;34.3;34.07
15/07/2019;34.03;33.81;34.35;34.33
12/07/2019;34.12;34.12;35.06;35.05
11/07/2019;34.77;34.24;34.77;34.6
10/07/2019;34.82;34.58;35.3;35.12
08/07/2019;34.91;34.69;35.1;35.07
05/07/2019;35;34.32;35.05;34.48
04/07/2019;34.62;34.36;35.1;34.41
03/07/2019;34.23;33.35;34.3;33.41
02/07/2019;33.65;33.42;33.99;33.74
01/07/2019;33.77;33.64;34.41;34.41
28/06/2019;33.92;33.81;34.23;34.1
27/06/2019;33.91;33.4;34.08;33.87
26/06/2019;34.15;33.43;34.15;33.54
25/06/2019;33.35;33.19;33.89;33.68
24/06/2019;33.77;33.48;34.15;33.9
21/06/2019;33.85;33.21;33.85;33.29
19/06/2019;33.1;32.25;33.2;32.41
18/06/2019;32.58;31.98;32.58;32.14
17/06/2019;31.76;31.63;32.11;31.71
14/06/2019;31.8;31.32;31.87;31.71
13/06/2019;31.79;31.54;32.35;32.32
12/06/2019;32.37;32.25;32.86;32.56
11/06/2019;32.56;32.03;32.72;32.6
10/06/2019;32.4;31.91;32.62;32.6
07/06/2019;32.81;32.43;33.01;32.54
06/06/2019;32.46;32.16;32.64;32.45
05/06/2019;32.13;32.06;32.89;32.83
04/06/2019;32.76;32.52;33.02;32.93
03/06/2019;32.82;32.49;33.04;32.93
31/05/2019;32.73;32.5;33.1;32.63
30/05/2019;32.8;32.43;32.94;32.55
29/05/2019;32.47;31.65;32.63;31.65
28/05/2019;31.87;30.97;31.87;31.12
27/05/2019;31;30.89;31.4;31.17
24/05/2019;30.89;30.87;31.65;31.61
23/05/2019;31.35;30.98;31.53;31.22
22/05/2019;31.42;30.83;31.61;31.51
21/05/2019;31.38;30.26;31.41;30.3
20/05/2019;30.22;29.35;30.28;29.64
17/05/2019;29.46;29.09;29.92;29.34
16/05/2019;29.4;29.14;29.62;29.46
15/05/2019;29.78;29.12;29.78;29.47
14/05/2019;29.69;29.58;30.09;29.99
13/05/2019;29.83;29.61;29.97;29.66
10/05/2019;30.31;29.95;30.67;30.38
09/05/2019;30.45;30.15;30.74;30.46
08/05/2019;30.83;30.62;31.21;30.62
07/05/2019;30.49;29.88;30.6;30.58
06/05/2019;30.83;30.79;31.32;31.18
03/05/2019;31.52;31.46;32.06;31.98
02/05/2019;31.83;31.41;32;31.49
30/04/2019;31.62;31.25;31.81;31.49
29/04/2019;31.34;31.21;31.88;31.73
26/04/2019;31.59;31.23;31.71;31.6
25/04/2019;31.52;30.51;31.59;30.86
24/04/2019;31.04;30.55;31.07;31.01
23/04/2019;31;30.85;31.27;30.85
22/04/2019;30.6;30.28;30.99;30.63
18/04/2019;30.69;30.02;31.03;30.4
17/04/2019;30.28;29.91;31.03;30.85
16/04/2019;30.75;30.58;31.28;30.58
15/04/2019;30.78;30.51;31.15;31.07
12/04/2019;30.8;30.52;31.61;30.85
11/04/2019;31.13;30.95;31.82;31.61
10/04/2019;31.86;31.6;32.19;32.15
09/04/2019;31.92;31.42;31.99;31.97
08/04/2019;32.1;31.92;32.41;32.34
05/04/2019;32.29;31.59;32.41;31.78
04/04/2019;31.61;31.08;31.86;31.49
03/04/2019;31.14;31;31.96;31.82
02/04/2019;31.43;31.34;32.09;32.01
01/04/2019;31.93;31.78;32.53;32.43
29/03/2019;32.17;31.69;32.28;32.25
28/03/2019;31.86;30.51;32.08;30.74
27/03/2019;30.65;30.64;31.43;31.23
26/03/2019;31.72;31.3;31.87;31.77
25/03/2019;31.39;31.11;31.88;31.29
22/03/2019;31.35;31.17;31.88;31.81
21/03/2019;32.3;31.86;33.08;32.99
20/03/2019;32.88;32.88;33.84;33.69
19/03/2019;33.64;33.64;34.57;34.57
18/03/2019;34.44;34.33;34.63;34.44
15/03/2019;34.38;34.08;34.73;34.32
14/03/2019;34.39;34.05;34.94;34.94
13/03/2019;34.94;34.29;35.2;34.4
12/03/2019;34.57;34.19;34.57;34.49
11/03/2019;34.49;33.48;34.59;33.49
08/03/2019;33.4;32.56;33.53;32.81
07/03/2019;33.01;32.39;33.21;32.51
06/03/2019;32.56;32.39;32.91;32.83
01/03/2019;32.55;32.55;33.25;33.16
28/02/2019;32.9;32.85;33.64;33.56
27/02/2019;33.54;33.54;33.97;33.83
26/02/2019;33.84;33.7;34.01;33.8
25/02/2019;33.71;33.7;34.44;34.32
22/02/2019;34.24;33.84;34.24;34.12
21/02/2019;33.88;33.27;33.88;33.61
20/02/2019;33.28;33.28;34.27;33.95
19/02/2019;33.7;33.2;33.93;33.3
18/02/2019;32.94;32.94;33.48;33.35
15/02/2019;33.48;33.2;33.78;33.65
14/02/2019;33.83;32.53;33.83;33.21
13/02/2019;32.95;32.9;33.9;33.86
12/02/2019;33.72;33.23;33.92;33.43
11/02/2019;32.94;32.68;33.4;33.31
08/02/2019;33.31;32.45;33.53;32.57
07/02/2019;32.61;32.19;33.11;32.87
06/02/2019;32.5;32.5;33.83;33.75
05/02/2019;33.93;33.59;34.64;34.43
04/02/2019;35.44;34.28;35.52;34.53
01/02/2019;34.65;34.23;34.91;34.46
31/01/2019;34.61;34.24;35.15;34.32
30/01/2019;34.02;33.38;34.28;34.11
29/01/2019;33.81;33.81;34.4;34.27
28/01/2019;34.06;33.08;34.23;33.08
24/01/2019;33.46;33.24;33.67;33.33
23/01/2019;33.5;32.99;33.64;33.42
22/01/2019;33.28;32.99;33.54;33.33
21/01/2019;33.33;33.07;33.58;33.47
18/01/2019;33.61;33.2;33.72;33.2
17/01/2019;33.18;32.79;33.33;33.06
16/01/2019;33.18;32.75;33.37;33.33
15/01/2019;33.28;32.91;33.68;33.63
14/01/2019;33.81;33.42;33.81;33.53
11/01/2019;33.56;33.29;33.85;33.56
10/01/2019;33.76;33.59;34.26;33.84
09/01/2019;33.99;33.54;33.99;33.82
08/01/2019;33.49;32.63;33.53;33.18
07/01/2019;33.07;32.8;33.47;32.84
04/01/2019;33;32.8;33.65;33.22
03/01/2019;33.57;32.53;33.57;32.8
02/01/2019;33.02;31.55;33.15;31.63
28/12/2018;31.67;30.72;31.79;30.89
27/12/2018;30.6;30.03;30.74;30.03
26/12/2018;30.09;29.67;30.48;30.41
21/12/2018;30.76;30.53;31.25;31.13
20/12/2018;30.9;30.85;31.42;31.21
19/12/2018;30.91;30.91;31.89;31.54
18/12/2018;31.33;30.85;31.59;30.97
17/12/2018;30.83;30.82;31.7;31.66
14/12/2018;31.68;31.4;31.88;31.65
13/12/2018;31.91;31.15;31.91;31.34
12/12/2018;31.36;30.97;31.55;31.3
11/12/2018;31.14;30.64;31.36;31.3
10/12/2018;30.87;30.8;31.87;31.62
07/12/2018;31.71;31.57;32.42;31.78
06/12/2018;31.97;31.04;31.97;31.22
05/12/2018;31.69;31.52;31.96;31.75
04/12/2018;31.67;31.17;32.12;31.79
03/12/2018;31.71;31.46;32.82;32.82
30/11/2018;32.11;32.11;32.83;32.15
29/11/2018;32.41;31.66;32.52;31.75
28/11/2018;32.12;31.04;32.17;31.29
27/11/2018;31.34;30.33;31.41;30.53
26/11/2018;30.31;30.06;31.27;30.98
23/11/2018;30.82;30.56;30.95;30.85
22/11/2018;30.85;30.71;31.24;31.2
21/11/2018;30.93;30.8;31.42;31.19
19/11/2018;31.33;31.09;31.48;31.23
16/11/2018;31.35;30.51;31.44;30.61
14/11/2018;30.41;29.9;30.52;30.13
13/11/2018;30.15;29.85;30.52;30.26
12/11/2018;30.26;29.95;30.43;30.11
09/11/2018;30.18;29.48;30.32;29.72
08/11/2018;29.81;29.78;30.6;30.31
07/11/2018;30.22;29.72;30.51;30.29
06/11/2018;30.19;29.54;30.19;29.56
05/11/2018;30;29.57;30.03;29.72
01/11/2018;29.68;29.02;29.74;29.42
31/10/2018;29.26;28.65;29.87;29.71
30/10/2018;29.4;27.76;29.59;28.07
29/10/2018;28.57;28.22;30.15;30.12
26/10/2018;29.1;28.39;29.1;28.83
25/10/2018;28.57;28.23;29.02;28.43
24/10/2018;28.24;28.1;29.05;28.99
23/10/2018;28.99;28.34;29.04;28.34
22/10/2018;28.89;28.79;29.11;28.8
19/10/2018;28.48;28.36;28.92;28.73
18/10/2018;28.51;28.51;29.2;29.2
17/10/2018;29.38;29.18;29.72;29.41
16/10/2018;29.69;28.69;29.69;28.77
15/10/2018;28.55;28.44;28.8;28.64
11/10/2018;28.22;27.98;28.91;28.79
10/10/2018;28.56;28.56;29.23;29.17
09/10/2018;29.58;29.33;29.93;29.89
08/10/2018;29.74;29.4;30.95;30.24
05/10/2018;28.07;27.88;28.6;28.51
04/10/2018;28.16;27.42;28.23;27.92
03/10/2018;28.13;27.86;28.99;28.39
02/10/2018;26.91;26.52;27.08;26.55
01/10/2018;25.92;25.69;26.45;26.29
28/09/2018;26.21;25.84;26.28;26
27/09/2018;26.44;25.82;26.44;25.9
26/09/2018;25.73;25.53;26.05;25.66
25/09/2018;25.45;24.9;25.6;25.11
24/09/2018;25.39;25.31;26.13;26.05
21/09/2018;26.04;25.72;26.34;25.9
20/09/2018;25.6;25.58;26.19;25.93
19/09/2018;25.77;25.19;26;25.25
18/09/2018;25.59;25.4;25.86;25.48
17/09/2018;25.62;24.84;25.65;24.84
14/09/2018;25.02;24.54;25.17;24.55
13/09/2018;24.59;24.48;24.94;24.87
12/09/2018;24.73;24.55;25.04;24.87
11/09/2018;24.65;24.51;25.06;25.05
10/09/2018;25.53;25.24;25.63;25.59
06/09/2018;25.3;24.57;25.5;24.87
05/09/2018;24.68;24.24;24.86;24.35
04/09/2018;24.54;24.33;24.87;24.7
03/09/2018;24.75;24.62;24.98;24.73
31/08/2018;25.1;24.75;25.31;24.75
30/08/2018;24.76;24.74;25.65;25.57
29/08/2018;25.77;25.38;25.85;25.41
28/08/2018;25.35;25.13;25.57;25.38
27/08/2018;25.53;24.85;25.58;25
24/08/2018;24.71;24.46;25.04;25
23/08/2018;24.53;24.53;25.67;25.51
22/08/2018;25.52;24.64;25.56;24.82
21/08/2018;24.92;24.7;25.26;25.07
20/08/2018;25.25;24.9;25.39;24.95
17/08/2018;25.09;25.06;25.61;25.39
16/08/2018;25.75;25.61;25.97;25.86
15/08/2018;25.78;25.39;25.89;25.52
14/08/2018;25.96;25.54;25.99;25.83
13/08/2018;25.43;24.78;25.69;25.04
10/08/2018;25.23;24.97;25.79;25.78
09/08/2018;26.18;25.98;26.64;26.56
08/08/2018;26.32;26.31;27.26;26.95
07/08/2018;26.95;26.57;27.34;27.29
06/08/2018;27.12;26.97;27.53;27.43
03/08/2018;27.32;26.88;27.39;26.88
02/08/2018;26.68;26.15;26.84;26.38
01/08/2018;26.59;26.21;26.66;26.25
31/07/2018;26.26;26.2;26.88;26.72
30/07/2018;27.41;27.09;27.6;27.17
27/07/2018;27.01;26.75;27.24;27.02
26/07/2018;26.87;26.67;27.31;27.08
25/07/2018;27.3;26.71;27.47;26.73
24/07/2018;26.47;26.33;26.83;26.77
23/07/2018;26.48;26.4;26.97;26.92
20/07/2018;27;26.77;27.16;26.99
19/07/2018;26.26;25.36;26.26;25.6
18/07/2018;25.88;25.85;26.26;26.12
17/07/2018;26.22;25.51;26.34;25.56
16/07/2018;25.73;25.5;25.94;25.78
13/07/2018;25.82;25.05;25.83;25.05
12/07/2018;25.18;24.79;25.24;24.83
11/07/2018;24.72;24.37;24.87;24.37
10/07/2018;24.62;24.2;24.96;24.7
06/07/2018;24.55;24.23;24.66;24.39
05/07/2018;24.33;23.92;24.62;24.56
04/07/2018;24.49;24.04;24.49;24.21
03/07/2018;24.1;23.61;24.36;23.78
02/07/2018;23.54;23.17;23.54;23.28
29/06/2018;23.53;23.28;23.75;23.39
28/06/2018;23.13;22.51;23.33;22.51
27/06/2018;22.5;22.37;23.18;22.83
26/06/2018;22.92;22.64;23.38;23.04
25/06/2018;22.99;22.6;23.27;23.16
22/06/2018;22.95;22.63;23.11;23.06
21/06/2018;22.77;22.57;23.41;23.32
20/06/2018;23.39;22.78;23.66;23.33
19/06/2018;22.97;21.73;23.31;21.88
18/06/2018;21.98;21.81;22.34;22.29
15/06/2018;22.43;21.9;22.54;22.28
14/06/2018;22.22;22.22;23.32;23.18
13/06/2018;23.03;22.69;23.49;23.39
12/06/2018;23.26;23.13;23.66;23.3
11/06/2018;23.31;23.24;24.42;24.09
08/06/2018;24;23.28;24.29;23.94
07/06/2018;23.94;23.01;24.32;24.24
06/06/2018;24.66;24.4;25.24;25.09
05/06/2018;25.3;25.2;26.22;25.9
04/06/2018;26.11;25.84;26.24;25.84
01/06/2018;25.56;24.9;25.75;25.38
30/05/2018;25.06;24.76;25.3;25.01
29/05/2018;25.01;24.87;25.58;25.35
28/05/2018;25.1;25;25.96;25.94
25/05/2018;26.21;26.02;26.65;26.64
24/05/2018;26.44;25.63;26.46;25.85
23/05/2018;26.1;26.06;26.51;26.24
22/05/2018;26.6;26.07;26.98;26.24
21/05/2018;25.97;25.72;26.8;26.68
18/05/2018;26.33;25.61;26.33;25.95
17/05/2018;26.52;26.45;27.9;27.9
16/05/2018;27.98;27.54;28.14;27.59
15/05/2018;27.5;26.88;27.75;26.94
14/05/2018;27.61;27.39;28.36;28.22
11/05/2018;28.03;27.94;28.63;28.41
10/05/2018;28.48;27.82;28.55;27.93
09/05/2018;27.72;27.43;27.96;27.76
08/05/2018;27.64;27.34;27.9;27.58
07/05/2018;27.55;27.4;27.9;27.64
04/05/2018;27.51;27.51;27.95;27.72
03/05/2018;27.83;27.78;28.61;28.42
02/05/2018;28.39;28.27;29.33;29.25
30/04/2018;29.73;29.53;30.15;30.02
27/04/2018;30.02;29.9;30.37;30.26
26/04/2018;30.08;29.58;30.18;29.66
25/04/2018;29.39;29.11;29.58;29.27
24/04/2018;29.57;29.42;30.07;29.96
23/04/2018;29.71;29.23;29.71;29.52
20/04/2018;29.66;29.38;29.76;29.58
19/04/2018;29.73;29.53;30.04;29.9
18/04/2018;30.01;29.74;30.31;29.78
17/04/2018;29.45;28.94;29.62;29.04
16/04/2018;28.97;28.92;29.6;29.34
13/04/2018;29.4;29.3;30.09;30.05
12/04/2018;30.1;29.66;30.13;29.94
11/04/2018;29.84;29.3;29.85;29.32
10/04/2018;29.35;29.08;29.55;29.46
09/04/2018;29.21;29.12;29.95;29.95
06/04/2018;29.87;29.37;29.91;29.75
05/04/2018;29.73;29.67;30.47;30.41
04/04/2018;29.67;28.86;29.79;29.06
03/04/2018;29.48;29.41;30.08;29.96
02/04/2018;29.76;29.53;30.17;29.87
29/03/2018;29.9;29.58;30.22;29.67
28/03/2018;29.5;28.92;29.52;28.92
27/03/2018;29.23;29.02;29.83;29.72
26/03/2018;29.59;29.12;29.71;29.57
23/03/2018;29.23;28.86;29.69;28.9
22/03/2018;29.09;28.82;29.37;29.14
21/03/2018;29.18;29.05;29.38;29.32
20/03/2018;29.3;28.89;29.43;29.34
19/03/2018;29.21;29.11;29.83;29.61
16/03/2018;29.85;29.67;30.34;30.06
15/03/2018;29.97;29.49;30.12;29.72
14/03/2018;29.83;29.75;30.59;30.53
13/03/2018;30.51;30.33;30.83;30.76
12/03/2018;30.76;30.38;30.8;30.5
09/03/2018;30.42;29.9;30.44;30.03
08/03/2018;30;29.75;30.69;30.59
07/03/2018;30.21;29.73;30.25;30.18
06/03/2018;30.25;30.25;30.85;30.62
05/03/2018;30.36;29.67;30.45;29.94
02/03/2018;29.94;29.27;29.94;29.61
01/03/2018;29.78;29.36;30.01;29.48
28/02/2018;29.35;29.35;30.44;30.31
27/02/2018;30.38;30.29;30.92;30.71
26/02/2018;30.84;30.64;31.07;30.99
23/02/2018;30.87;30.22;31.01;31.01
22/02/2018;30.66;30.44;30.98;30.73
21/02/2018;30.5;30.27;31.02;30.27
20/02/2018;30.1;29.24;30.26;29.3
19/02/2018;29.38;29.26;29.78;29.61
16/02/2018;29.61;29.3;29.62;29.53
15/02/2018;29.49;29.45;29.83;29.68
14/02/2018;29.48;28.66;29.57;28.84
09/02/2018;28.26;27.74;28.43;28.1
08/02/2018;28.19;27.99;28.86;28.52
07/02/2018;28.33;28.31;29.17;29.07
06/02/2018;29.02;27.97;29.26;27.98
05/02/2018;28.01;28.01;29.28;28.7
02/02/2018;29.03;28.68;29.1;28.92
01/02/2018;29.4;28.86;29.65;29.02
31/01/2018;29.25;29.17;29.7;29.19
30/01/2018;28.82;28.43;28.95;28.77
29/01/2018;28.93;28.93;29.59;29.46
26/01/2018;29.73;28.55;29.73;28.66
24/01/2018;28.19;27.09;28.23;27.11
23/01/2018;26.9;26.81;27.2;26.87
22/01/2018;26.99;26.29;26.99;26.34
19/01/2018;26.34;26.1;26.41;26.25
18/01/2018;26.13;26.01;26.37;26.14
17/01/2018;26.19;25.64;26.28;25.75
16/01/2018;25.76;25.44;25.87;25.47
15/01/2018;25.53;25.42;25.53;25.46
12/01/2018;25.37;25.17;25.42;25.28
11/01/2018;25.39;24.96;25.39;25.02
10/01/2018;24.87;24.72;24.96;24.84
09/01/2018;24.96;24.86;25.19;25.16
08/01/2018;25.23;25.06;25.37;25.22
05/01/2018;25.31;24.96;25.37;25.25
04/01/2018;25.24;24.77;25.35;24.77
03/01/2018;24.73;24.39;24.82;24.57
02/01/2018;24.56;23.95;24.56;23.95
28/12/2017;23.82;23.78;23.95;23.78
27/12/2017;23.76;23.75;24.01;23.92
26/12/2017;23.89;23.72;24.05;23.8
22/12/2017;23.8;23.62;23.84;23.71
21/12/2017;23.91;22.97;23.96;22.97
20/12/2017;22.94;22.84;23.1;22.95
19/12/2017;22.86;22.75;23.01;22.94
18/12/2017;22.98;22.98;23.36;23.26
15/12/2017;22.99;22.81;23.22;22.93
14/12/2017;22.92;22.8;23.2;23.2
13/12/2017;23.29;23.21;24.04;23.98
12/12/2017;23.82;23.24;23.92;23.55
11/12/2017;23.63;23.51;23.86;23.74
08/12/2017;23.57;23.54;23.79;23.54
07/12/2017;23.37;22.74;23.44;23.02
06/12/2017;23.45;22.86;23.55;23.07
05/12/2017;23.2;23.09;23.8;23.34
04/12/2017;23.34;23.08;23.67;23.18
01/12/2017;23;22.7;23.21;22.92
30/11/2017;23.01;22.93;23.39;23.22
29/11/2017;23.35;23.35;24.04;24.01
28/11/2017;23.84;23.74;24.16;23.97
27/11/2017;23.8;23.39;23.82;23.48
24/11/2017;23.66;23.48;23.92;23.83
23/11/2017;23.88;23.63;23.93;23.93
22/11/2017;23.96;23.79;24.27;24.25
21/11/2017;24.19;23.93;24.42;23.97
17/11/2017;23.72;23.27;23.82;23.39
16/11/2017;23.39;22.84;23.53;22.84
14/11/2017;22.82;22.8;23.36;23.31
13/11/2017;23.26;22.96;23.44;22.97
10/11/2017;23.15;22.86;23.31;23.11
09/11/2017;23.11;23.07;23.85;23.81
08/11/2017;23.75;23;23.79;23
07/11/2017;22.92;22.83;23.41;23.36
06/11/2017;23.48;23.31;23.57;23.45
03/11/2017;23.37;23.11;23.45;23.17
01/11/2017;23.05;23.05;23.72;23.67
31/10/2017;23.44;23.31;24.28;24.28
30/10/2017;24.03;23.8;24.42;24.34
27/10/2017;24.34;24.33;24.78;24.49
26/10/2017;24.49;24.38;24.88;24.79
25/10/2017;24.64;24.18;24.76;24.58
24/10/2017;24.48;24.09;24.55;24.32
23/10/2017;24.3;24.2;24.69;24.59
20/10/2017;24.53;24.53;24.79;24.76
19/10/2017;24.58;24.33;24.71;24.64
18/10/2017;24.76;24.59;24.93;24.75
17/10/2017;24.71;24.56;24.81;24.76
16/10/2017;24.75;24.63;25.07;25.07
13/10/2017;24.88;24.83;25.47;25.3
11/10/2017;25.08;24.96;25.28;25.18
10/10/2017;25.22;24.81;25.22;24.89
09/10/2017;24.61;24.53;24.91;24.86
06/10/2017;24.91;24.76;25.08;24.97
05/10/2017;25.2;24.98;25.52;25.05
04/10/2017;24.81;24.77;25.13;25.08
03/10/2017;25.03;24.12;25.03;24.26
02/10/2017;24.2;24;24.33;24.05
29/09/2017;24.16;24.03;24.31;24.21
28/09/2017;23.95;23.87;24.13;24.06
27/09/2017;24.08;23.83;24.28;24.21
26/09/2017;24.06;23.99;24.37;24.18
25/09/2017;24.02;23.91;24.29;24.07
22/09/2017;24.26;23.99;24.41;24.21
21/09/2017;24.17;23.99;24.5;24.25
20/09/2017;24.14;23.87;24.53;24.4
19/09/2017;24.4;24.09;24.48;24.47
18/09/2017;24.48;24.25;24.57;24.28
15/09/2017;24.31;23.79;24.41;23.96
14/09/2017;23.87;23.73;24.09;23.78
13/09/2017;23.92;23.58;24.07;23.8
12/09/2017;23.75;23.65;23.98;23.7
11/09/2017;23.82;23.53;24.03;23.55
08/09/2017;23.43;23.3;23.59;23.4
06/09/2017;23.45;23;23.63;23.01
05/09/2017;22.84;22.57;23.24;23.14
04/09/2017;22.83;22.79;22.97;22.79
01/09/2017;22.95;22.63;23.1;22.65
31/08/2017;22.48;22.41;22.83;22.8
30/08/2017;22.77;22.64;22.95;22.95
29/08/2017;22.89;22.41;22.89;22.5
28/08/2017;22.68;22.61;22.93;22.91
25/08/2017;22.88;22.73;23.04;23
24/08/2017;22.95;22.74;23.03;22.79
23/08/2017;22.76;22.49;22.8;22.67
22/08/2017;22.51;22.18;22.67;22.21
21/08/2017;22.05;21.94;22.33;22.21
18/08/2017;22.21;21.97;22.33;22
17/08/2017;22;21.87;22.16;22.11
16/08/2017;22.18;21.92;22.31;22.31
15/08/2017;22.13;22.06;22.38;22.26
14/08/2017;22.07;21.71;22.19;21.71
11/08/2017;21.68;21.39;21.78;21.52
10/08/2017;21.57;21.48;21.84;21.84
09/08/2017;21.84;21.66;21.88;21.82
08/08/2017;21.98;21.61;22.14;21.71
07/08/2017;21.72;21.31;21.73;21.4
04/08/2017;21.38;21.3;21.56;21.54
03/08/2017;21.43;21.35;21.58;21.46
02/08/2017;21.48;21.07;21.56;21.19
01/08/2017;21.26;20.93;21.4;21
31/07/2017;20.6;20.39;20.67;20.59
28/07/2017;20.48;20.22;20.55;20.29
27/07/2017;20.4;20.29;20.64;20.55
26/07/2017;20.38;20.32;20.57;20.48
25/07/2017;20.48;20.34;20.68;20.51
24/07/2017;20.43;20.27;20.5;20.37
21/07/2017;20.3;20.18;20.4;20.26
20/07/2017;20.29;20.22;20.47;20.27
19/07/2017;20.27;20.26;20.72;20.72
18/07/2017;20.57;20.4;20.61;20.54
17/07/2017;20.55;20.45;20.72;20.67
14/07/2017;20.75;20.49;20.83;20.81
13/07/2017;20.7;20.59;20.81;20.72
12/07/2017;20.65;20.14;20.77;20.54
11/07/2017;20.43;20.06;20.49;20.15
10/07/2017;20.12;19.97;20.21;19.98
07/07/2017;19.96;19.85;20.35;20.35
06/07/2017;20.16;20.09;20.43;20.38
05/07/2017;20.44;20.22;20.56;20.44
04/07/2017;20.39;20.37;20.52;20.43
03/07/2017;20.47;20.31;20.48;20.39
30/06/2017;20.28;20.15;20.4;20.22
29/06/2017;20.15;19.88;20.15;20.09
28/06/2017;19.95;19.72;20.09;20.09
27/06/2017;19.95;19.81;20.21;20.13
26/06/2017;20.14;19.65;20.19;19.76
23/06/2017;19.59;19.54;19.76;19.66
22/06/2017;19.65;19.59;19.82;19.71
21/06/2017;19.63;19.46;19.78;19.73
20/06/2017;19.61;19.56;20.06;19.98
19/06/2017;20.05;19.82;20.19;19.95
16/06/2017;19.95;19.77;20.03;20.02
14/06/2017;20.09;19.97;20.31;20.02
13/06/2017;19.92;19.7;19.94;19.71
12/06/2017;19.67;19.41;19.7;19.62
09/06/2017;19.67;19.65;20.14;20.09
08/06/2017;19.99;19.82;20.14;20.13
07/06/2017;20.2;20.02;20.29;20.06
06/06/2017;19.87;19.48;19.96;19.54
05/06/2017;19.56;19.42;19.81;19.47
02/06/2017;19.58;19.39;19.69;19.58
01/06/2017;19.39;19.29;19.77;19.69
31/05/2017;19.61;19.59;19.98;19.79
30/05/2017;19.82;19.71;19.9;19.74
29/05/2017;19.76;19.6;19.78;19.77
26/05/2017;19.86;19.53;19.96;19.54
25/05/2017;19.33;19.21;19.92;19.85
24/05/2017;19.7;19.59;20.06;19.59
23/05/2017;19.54;19.32;19.74;19.39
22/05/2017;19.24;18.95;19.45;19.41
19/05/2017;19.63;19.38;20.09;19.72
18/05/2017;19.13;17.49;19.82;17.49
17/05/2017;21.75;21.59;22.14;21.97
16/05/2017;22.2;21.99;22.31;22.26
15/05/2017;22.23;21.99;22.31;22.15
12/05/2017;22.14;21.89;22.17;22.06
11/05/2017;21.93;21.53;22.01;21.65
10/05/2017;21.56;21.45;21.72;21.68
09/05/2017;21.45;21.35;21.57;21.5
08/05/2017;21.4;21.19;21.56;21.19
05/05/2017;21.35;20.93;21.4;21.12
04/05/2017;21.02;20.94;21.82;21.71
03/05/2017;21.73;21.53;22.2;22.2
02/05/2017;22.09;21.79;22.15;21.84
28/04/2017;21.65;21.33;21.71;21.5
27/04/2017;21.51;21.47;21.79;21.59
26/04/2017;21.39;21.2;21.66;21.2
25/04/2017;21.35;20.98;21.39;21.12
24/04/2017;21.21;21.04;21.37;21.23
20/04/2017;20.81;20.73;21.37;21.23
19/04/2017;21.12;21.04;21.45;21.42
18/04/2017;21.31;21.08;21.48;21.28
17/04/2017;21.38;20.53;21.42;20.59
13/04/2017;20.47;20.47;20.89;20.73
12/04/2017;20.85;20.72;21.07;20.88
11/04/2017;20.88;20.56;21.14;21.01
10/04/2017;20.91;20.68;21.09;20.95
07/04/2017;20.95;20.68;21.21;20.79
06/04/2017;20.79;20.63;21.07;20.9
05/04/2017;20.96;20.81;21.49;21.46
04/04/2017;21.35;21.08;21.42;21.16
03/04/2017;21.24;20.84;21.27;20.95
31/03/2017;20.89;20.89;21.28;21.09
30/03/2017;21.24;21.13;21.63;21.63
29/03/2017;21.5;21.11;21.6;21.12
28/03/2017;21.18;20.94;21.33;21.14
27/03/2017;21.25;20.77;21.28;20.92
24/03/2017;21.1;20.79;21.17;20.95
23/03/2017;20.87;20.67;21.04;20.7
22/03/2017;20.99;20.68;21.26;20.72
21/03/2017;20.82;20.51;21.33;21.21
20/03/2017;21.28;20.84;21.37;20.97
17/03/2017;21.04;21.04;21.89;21.88
16/03/2017;21.67;21.5;22.04;21.96
15/03/2017;21.95;21.5;22.06;21.88
14/03/2017;21.74;21.74;22.16;21.85
13/03/2017;21.95;21.65;22.03;21.69
10/03/2017;21.56;21.42;21.97;21.66
09/03/2017;21.55;21.28;21.69;21.41
08/03/2017;21.49;21.36;21.78;21.77
07/03/2017;21.73;21.6;22.2;22.2
06/03/2017;22.1;21.87;22.3;22.05
03/03/2017;22.19;21.82;22.19;21.94
02/03/2017;21.79;21.66;22.05;21.94
01/03/2017;22.02;21.95;22.28;22.17
24/02/2017;22.06;21.88;22.25;21.98
23/02/2017;22.23;22.08;22.87;22.71
22/02/2017;22.57;22.3;22.6;22.45
21/02/2017;22.51;22.26;22.58;22.49
20/02/2017;22.25;22.16;22.42;22.26
17/02/2017;22.15;21.85;22.23;21.99
16/02/2017;22.16;22.09;22.77;22.42
15/02/2017;22.6;21.79;22.6;21.87
14/02/2017;21.69;21.46;21.79;21.61
13/02/2017;21.61;21.4;21.94;21.79
10/02/2017;21.72;21.47;21.82;21.65
09/02/2017;21.65;21.35;21.95;21.52
08/02/2017;21.55;20.89;21.55;21.02
07/02/2017;21.01;20.94;21.44;21.32
06/02/2017;20.61;20.58;20.97;20.76
03/02/2017;20.76;20.29;20.94;20.32
02/02/2017;20.34;19.85;20.51;20.21
01/02/2017;20.39;20.28;20.52;20.36
31/01/2017;20.18;19.96;20.31;20.19
30/01/2017;20.18;20.06;20.59;20.51
27/01/2017;20.62;20.57;20.91;20.81
26/01/2017;20.73;20.56;20.88;20.59
24/01/2017;20.45;20.18;20.57;20.4
23/01/2017;20.5;19.75;20.5;19.81
20/01/2017;19.83;19.68;20.02;19.88
19/01/2017;19.77;19.61;20.11;19.89
18/01/2017;19.88;19.79;20.13;20.13
17/01/2017;20.04;19.39;20.08;19.45
16/01/2017;19.51;19.35;19.57;19.5
13/01/2017;19.5;19.36;20.01;19.83
12/01/2017;19.9;19.67;19.97;19.83
11/01/2017;19.41;19.21;19.59;19.5
10/01/2017;19.37;19.28;19.69;19.56
09/01/2017;19.44;19.06;19.51;19.16
06/01/2017;19.35;19.08;19.44;19.26
05/01/2017;19.28;18.86;19.5;19.02
04/01/2017;19.02;18.81;19.09;18.86
03/01/2017;18.94;18.31;18.95;18.34
02/01/2017;18.17;18.05;18.28;18.13
29/12/2016;18.34;17.96;18.36;18.14
28/12/2016;18.14;17.7;18.23;17.7
27/12/2016;17.72;17.54;17.88;17.88
26/12/2016;17.73;17.61;17.82;17.61
23/12/2016;17.59;17.23;17.74;17.25
22/12/2016;17.14;16.9;17.19;17.01
21/12/2016;17;16.89;17.19;17.17
20/12/2016;17.01;16.69;17.19;16.8
19/12/2016;16.59;16.59;17.25;17.12
16/12/2016;17.05;17.05;17.56;17.5
15/12/2016;17.36;17.04;17.54;17.38
14/12/2016;17.43;17.39;17.78;17.39
13/12/2016;17.46;17.26;17.72;17.28
12/12/2016;17.38;17.28;18.02;17.89
09/12/2016;18.13;18.03;18.35;18.34
08/12/2016;18.08;18.02;18.4;18.4
07/12/2016;18.19;18.08;18.56;18.56
06/12/2016;18.33;17.87;18.48;17.98
05/12/2016;18.09;17.97;18.33;18.22
02/12/2016;18.15;17.67;18.51;17.89
01/12/2016;18.08;17.92;18.59;18.54
30/11/2016;18.94;18.8;19.25;18.82
29/11/2016;18.57;18.57;19;18.9
28/11/2016;19.03;18.49;19.1;18.64
25/11/2016;18.64;18.46;18.71;18.54
24/11/2016;18.77;18.7;19.03;19.02
23/11/2016;18.96;18.78;19.19;19.03
22/11/2016;19.14;18.88;19.42;19.36
21/11/2016;19.08;18.92;19.17;19.06
18/11/2016;18.92;18.67;19.18;18.67
17/11/2016;18.75;18.64;19.49;19.49
16/11/2016;19.32;18.51;19.32;18.85
14/11/2016;18.41;18.13;18.84;18.37
11/11/2016;18.53;18.31;19.07;18.53
10/11/2016;18.77;18.48;19.94;19.72
09/11/2016;19.75;19.52;20.29;19.57
08/11/2016;20.4;20.13;20.71;20.35
07/11/2016;20.35;19.92;20.48;20.06
04/11/2016;19.65;19.39;20.01;19.54
03/11/2016;19.49;19.49;20.24;19.78
01/11/2016;19.92;19.8;20.71;20.71
31/10/2016;20.52;20.3;20.76;20.4
28/10/2016;19.83;19.49;19.95;19.61
27/10/2016;19.67;19.27;19.86;19.29
26/10/2016;19.26;18.95;19.36;19.02
25/10/2016;19.14;18.88;19.3;19.17
24/10/2016;19.24;19.19;19.56;19.55
21/10/2016;19.41;19.26;19.55;19.36
20/10/2016;19.44;19.09;19.64;19.2
19/10/2016;19.38;19.32;19.72;19.59
18/10/2016;19.7;19.19;19.78;19.4
17/10/2016;19.43;18.92;19.43;19.05
14/10/2016;19.01;18.77;19.1;18.83
13/10/2016;18.66;18.23;18.78;18.39
11/10/2016;18.45;18.32;18.55;18.45
10/10/2016;18.51;18.46;18.75;18.66
07/10/2016;18.49;18.23;18.55;18.46
06/10/2016;18.32;18.11;18.4;18.14
05/10/2016;18.17;17.84;18.24;17.88
04/10/2016;17.82;17.61;17.9;17.72
03/10/2016;17.66;17.25;17.71;17.25
30/09/2016;17.25;17.16;17.48;17.36
29/09/2016;17.29;17.28;17.88;17.78
28/09/2016;17.74;17.48;17.83;17.63
27/09/2016;17.61;17.22;17.63;17.47
26/09/2016;17.41;17.28;17.45;17.34
23/09/2016;17.55;17.37;17.63;17.58
22/09/2016;17.59;17.41;17.76;17.48
21/09/2016;17.31;16.87;17.41;17.34
20/09/2016;17.15;17.11;17.37;17.22
19/09/2016;17.11;17.02;17.32;17.19
16/09/2016;16.99;16.88;17.33;17.29
15/09/2016;17.38;17.03;17.47;17.1
14/09/2016;17.01;16.95;17.21;17.01
13/09/2016;17;16.82;17.27;17.16
12/09/2016;17.34;16.91;17.4;17.09
09/09/2016;17.12;17.04;17.59;17.54
08/09/2016;17.79;17.75;17.94;17.84
06/09/2016;18.01;17.64;18.01;17.92
05/09/2016;17.84;17.73;17.97;17.84
02/09/2016;17.83;17.66;17.96;17.66
01/09/2016;17.58;17.28;17.74;17.36
31/08/2016;17.4;17.23;17.91;17.82
30/08/2016;17.77;17.55;17.81;17.67
29/08/2016;17.65;17.25;17.77;17.28
26/08/2016;17.35;17.15;17.57;17.25
25/08/2016;17.14;17.05;17.35;17.18
24/08/2016;17.19;16.99;17.37;17.11
23/08/2016;17.27;17.2;17.58;17.41
22/08/2016;17.3;17.26;17.61;17.56
19/08/2016;17.64;17.44;17.74;17.62
18/08/2016;17.76;17.54;17.86;17.68
17/08/2016;17.79;17.38;17.79;17.53
16/08/2016;17.56;17.49;17.73;17.53
15/08/2016;17.63;17.31;17.68;17.37
12/08/2016;17.28;17.1;17.39;17.17
11/08/2016;17.15;16.73;17.17;16.88
10/08/2016;16.73;16.55;17.05;16.93
09/08/2016;16.86;16.86;17.08;16.95
08/08/2016;16.83;16.77;17.03;16.79
05/08/2016;16.94;16.73;17.23;17.22
04/08/2016;17.04;17.02;17.34;17.07
03/08/2016;16.95;16.16;16.95;16.17
02/08/2016;16.27;16.04;16.5;16.09
01/08/2016;16.08;16.02;16.4;16.23
29/07/2016;16.24;15.82;16.32;15.82
28/07/2016;15.95;15.79;16.12;16.12
27/07/2016;16.13;16.08;16.39;16.15
26/07/2016;16.06;16.06;16.42;16.29
25/07/2016;16.27;16.16;16.52;16.39
22/07/2016;16.4;16.18;16.53;16.25
21/07/2016;16.29;15.99;16.61;16.52
20/07/2016;16.52;16.2;16.58;16.33
19/07/2016;16.26;16.21;16.44;16.25
18/07/2016;16.36;16.04;16.42;16.15
15/07/2016;16.08;15.92;16.19;16.1
14/07/2016;16.14;15.87;16.17;15.98
13/07/2016;15.69;15.3;15.7;15.35
12/07/2016;15.37;15.3;15.74;15.65
11/07/2016;15.5;15.31;15.61;15.42
08/07/2016;15.35;15.05;15.39;15.12
07/07/2016;14.95;14.71;15.17;14.88
06/07/2016;14.8;14.44;14.84;14.61
05/07/2016;14.74;14.61;14.82;14.71
04/07/2016;14.85;14.76;15.01;14.94
01/07/2016;14.86;14.42;14.9;14.62
30/06/2016;14.56;14.14;14.66;14.2
29/06/2016;14.23;14.01;14.29;14.12
28/06/2016;13.91;13.65;13.95;13.71
27/06/2016;13.44;13.38;13.99;13.96
24/06/2016;13.91;13.78;14.16;13.93
23/06/2016;14.41;13.92;14.46;14.02
22/06/2016;13.87;13.82;14.29;14.1
21/06/2016;14.12;13.75;14.12;13.86
20/06/2016;14.12;14.02;14.31;14.12
17/06/2016;13.89;13.84;14.22;14.07
16/06/2016;13.93;13.46;14.03;13.55
15/06/2016;13.68;13.5;14;13.78
14/06/2016;13.75;13.63;14.19;13.96
13/06/2016;13.95;13.7;14.02;13.84
10/06/2016;13.88;13.88;14.53;14.46
09/06/2016;14.63;14.43;14.71;14.61
08/06/2016;14.67;14.5;14.82;14.53
07/06/2016;14.45;14.04;14.49;14.17
06/06/2016;14.22;14.08;14.46;14.41
03/06/2016;14.36;14.22;14.55;14.49
02/06/2016;14.32;13.95;14.41;14.19
01/06/2016;14.16;13.83;14.24;13.97
31/05/2016;13.95;13.81;14.33;14.2
30/05/2016;14.26;14.17;14.4;14.24
27/05/2016;14.27;14.26;14.63;14.41
25/05/2016;14.41;14.38;14.75;14.62
24/05/2016;14.48;14.31;14.87;14.66
23/05/2016;14.49;14.14;14.63;14.21
20/05/2016;14.44;14.43;14.86;14.79
19/05/2016;14.63;14.45;14.72;14.6
18/05/2016;14.76;14.31;15.04;14.38
17/05/2016;14.53;14.53;15.14;14.94
16/05/2016;14.85;14.85;15.24;14.96
13/05/2016;15.08;14.92;15.67;15.57
12/05/2016;15.67;15.39;15.87;15.75
11/05/2016;15.51;15.44;15.97;15.81
10/05/2016;15.61;14.82;15.61;14.88
09/05/2016;14.69;14.11;14.79;14.49
06/05/2016;14.6;14.38;14.73;14.41
05/05/2016;14.59;14.38;15.06;14.97
04/05/2016;14.81;14.44;14.86;14.63
03/05/2016;14.46;14.44;14.93;14.92
02/05/2016;15.34;15.27;15.83;15.76
29/04/2016;15.78;15.57;16.24;16.12
28/04/2016;16.02;15.82;16.41;15.89
27/04/2016;16.13;15.65;16.16;15.69
26/04/2016;15.59;14.95;15.6;15.17
25/04/2016;15.07;14.96;15.32;15.17
22/04/2016;15.21;15.15;15.5;15.26
20/04/2016;15.49;15.33;15.67;15.67
19/04/2016;15.78;15.62;15.97;15.84
18/04/2016;15.69;15.27;15.9;15.61
15/04/2016;15.81;15.69;15.94;15.85
14/04/2016;15.71;15.62;16.32;16.23
13/04/2016;16.18;16.13;16.51;16.39
12/04/2016;15.98;15.42;16.1;15.47
11/04/2016;15.29;15.25;15.73;15.45
08/04/2016;15.21;14.69;15.35;14.74
07/04/2016;14.31;14.18;14.52;14.35
06/04/2016;14.16;14.07;14.52;14.38
05/04/2016;14.58;14.14;14.8;14.47
04/04/2016;14.55;14.49;15.01;14.91
01/04/2016;15.08;14.65;15.18;14.76
31/03/2016;14.97;14.85;15.3;15.25
30/03/2016;15.41;15.3;15.63;15.45
29/03/2016;15.33;14.9;15.59;15.26
28/03/2016;15.24;15.17;15.51;15.47
24/03/2016;14.87;14.58;14.89;14.58
23/03/2016;15.03;14.8;15.35;15.27
22/03/2016;15.52;15.43;15.88;15.88
21/03/2016;15.93;15.62;16.1;15.92
18/03/2016;15.92;15.51;15.98;15.85
17/03/2016;15.88;15.01;16.06;15.64
16/03/2016;14.32;13.74;14.56;14.54
15/03/2016;14.75;14.43;15.14;14.87
14/03/2016;15.44;15.37;15.93;15.6
11/03/2016;15.51;15.25;15.83;15.27
10/03/2016;15.38;14.73;15.59;15.15
09/03/2016;14.8;14.8;15.68;15.49
08/03/2016;15.31;14.79;15.53;14.91
07/03/2016;14.97;14.54;15.06;15.04
04/03/2016;15.04;14.68;15.56;15.3
03/03/2016;14.34;13.19;14.38;13.19
02/03/2016;13.05;12.58;13.09;12.76
01/03/2016;12.75;12.23;12.75;12.3
29/02/2016;12.18;11.89;12.22;12.03
26/02/2016;11.84;11.76;12.07;11.92
25/02/2016;11.84;11.64;12.05;11.72
24/02/2016;11.83;11.58;11.91;11.77
23/02/2016;11.93;11.85;12.23;12
22/02/2016;12.11;11.87;12.18;11.96
19/02/2016;11.64;11.39;11.71;11.44
18/02/2016;11.53;11.4;11.66;11.65
17/02/2016;11.77;11.54;12.11;11.8
16/02/2016;11.65;11.31;11.84;11.4
15/02/2016;11.37;11.37;11.63;11.6
12/02/2016;11.41;11.2;11.43;11.4
11/02/2016;11.32;11.19;11.5;11.44
10/02/2016;11.67;11.4;11.68;11.46
05/02/2016;11.61;11.38;11.77;11.47
04/02/2016;11.5;11.15;11.82;11.52
03/02/2016;11.33;11.12;11.39;11.14
02/02/2016;10.88;10.88;11.47;11.45
01/02/2016;11.92;11.45;11.92;11.57
29/01/2016;11.67;11.23;11.67;11.27
28/01/2016;11.15;11.04;11.26;11.2
27/01/2016;11.08;10.87;11.24;10.98
26/01/2016;11.04;10.72;11.04;10.78
22/01/2016;10.92;10.86;11.06;10.92
21/01/2016;10.82;10.74;10.98;10.76
20/01/2016;10.79;10.67;10.86;10.76
19/01/2016;10.95;10.87;11.31;11.24
18/01/2016;11.06;11.06;11.26;11.23
15/01/2016;11.19;11.09;11.32;11.27
14/01/2016;11.49;11.07;11.5;11.37
13/01/2016;11.33;11.26;11.7;11.63
12/01/2016;11.5;11.42;11.71;11.6
11/01/2016;11.45;11.43;11.71;11.65
08/01/2016;11.59;11.59;11.81;11.67
07/01/2016;11.58;11.58;11.83;11.65
06/01/2016;11.81;11.6;12.08;11.7
05/01/2016;11.85;11.73;12.06;11.88
04/01/2016;11.76;11.76;12.21;12.13
30/12/2015;12.31;12.19;12.4;12.4
29/12/2015;12.35;12.29;12.47;12.44
28/12/2015;12.34;12.34;12.49;12.41
23/12/2015;12.39;12.3;12.67;12.67
22/12/2015;12.44;12.3;12.61;12.51
21/12/2015;12.36;12.3;12.72;12.67
18/12/2015;12.59;12.59;13.08;13.03
17/12/2015;13.37;13.31;13.59;13.42
16/12/2015;13.14;12.81;13.22;13.12
15/12/2015;13.23;13.19;13.47;13.19
14/12/2015;13.15;13.05;13.36;13.33
11/12/2015;13.47;13.26;13.58;13.33
10/12/2015;13.47;13.38;13.6;13.5
09/12/2015;13.55;13.02;13.58;13.04
08/12/2015;12.85;12.69;12.99;12.99
07/12/2015;13;12.94;13.34;13.25
04/12/2015;13.1;12.87;13.33;13.28
03/12/2015;13.39;13.06;13.67;13.15
02/12/2015;12.59;12.53;13.04;12.95
01/12/2015;13.01;12.74;13.05;12.94
30/11/2015;12.91;12.59;13.03;12.73
27/11/2015;12.81;12.77;13.11;13.06
26/11/2015;13.15;12.96;13.29;13.01
25/11/2015;12.96;12.91;13.39;13.35
24/11/2015;13.63;13.29;13.64;13.49
23/11/2015;13.61;13.54;13.81;13.76
19/11/2015;13.62;13.19;13.65;13.47
18/11/2015;13.26;13.2;13.51;13.28
17/11/2015;13.29;13.21;13.55;13.28
16/11/2015;13.2;12.87;13.2;12.89
13/11/2015;12.83;12.83;13.12;13.08
12/11/2015;13.2;12.97;13.24;13.16
11/11/2015;13.16;12.9;13.23;12.93
10/11/2015;12.81;12.49;12.81;12.71
09/11/2015;12.74;12.7;13.04;13
06/11/2015;13.07;12.91;13.24;13.24
05/11/2015;13.27;12.97;13.28;13.11
04/11/2015;13.11;12.99;13.38;13.28
03/11/2015;13.08;12.39;13.08;12.4
30/10/2015;12.29;12.08;12.31;12.19
29/10/2015;12.07;12.07;12.59;12.25
28/10/2015;12.41;12.23;12.73;12.34
27/10/2015;12.32;12.21;12.47;12.39
26/10/2015;12.39;12.35;12.75;12.65
23/10/2015;12.58;12.57;13.04;12.93
22/10/2015;12.66;12.42;12.7;12.45
21/10/2015;12.4;12.3;12.61;12.55
20/10/2015;12.5;12.4;12.92;12.84
19/10/2015;12.76;12.44;12.79;12.51
16/10/2015;12.46;12.39;12.79;12.58
15/10/2015;12.65;12.47;12.98;12.92
14/10/2015;12.86;12.77;13.12;12.9
13/10/2015;12.98;12.84;13.41;13.32
09/10/2015;13.72;13.45;14.02;14.01
08/10/2015;13.81;13.55;13.87;13.68
07/10/2015;13.76;13.4;14.06;13.6
06/10/2015;13.38;13.13;13.44;13.14
05/10/2015;13.26;13.11;13.46;13.16
02/10/2015;12.98;12.32;12.98;12.38
01/10/2015;12.48;12.2;12.56;12.3
30/09/2015;12.3;11.96;12.39;12.33
29/09/2015;12.03;12;12.23;12.09
28/09/2015;12.08;11.85;12.18;11.98
25/09/2015;12.09;12.02;12.66;12.55
24/09/2015;12.39;11.69;12.46;11.88
23/09/2015;12.25;12.25;12.85;12.73
22/09/2015;12.75;12.27;12.86;12.49
21/09/2015;12.63;12.54;13.01;12.9
18/09/2015;12.92;12.81;13.45;13.27
17/09/2015;13.45;13.21;13.69;13.24
16/09/2015;13.45;13.18;13.5;13.22
15/09/2015;13.12;12.7;13.2;12.7
14/09/2015;12.8;12.2;12.81;12.38
11/09/2015;12.3;12.13;12.3;12.25
10/09/2015;12.28;12.06;12.5;12.06
09/09/2015;12.53;12.49;12.87;12.57
08/09/2015;12.39;12.35;12.55;12.55
04/09/2015;12.26;12.26;12.61;12.47
03/09/2015;12.78;12.18;12.78;12.38
02/09/2015;12.31;11.99;12.31;12.18
01/09/2015;12.03;11.95;12.24;12.03
31/08/2015;12.31;12.16;12.48;12.45
28/08/2015;12.77;12.62;13.26;12.98
27/08/2015;13.14;12.8;13.33;12.81
26/08/2015;12.69;12;12.69;12.13
25/08/2015;11.97;11.89;12.46;12.42
24/08/2015;12;11.46;12.33;11.59
21/08/2015;12.24;12;12.4;12.08
20/08/2015;12.21;11.97;12.38;12.04
19/08/2015;12.19;12.01;12.37;12.29
18/08/2015;12.44;12.01;12.83;12.25
17/08/2015;12.24;12.24;12.64;12.34
14/08/2015;12.37;12.2;12.49;12.46
13/08/2015;12.38;12.29;12.8;12.77
12/08/2015;12.7;12.6;12.93;12.92
11/08/2015;13.07;12.86;13.14;13.07
10/08/2015;13.1;12.9;13.2;13.03
07/08/2015;12.93;12.87;13.32;13.21
06/08/2015;13.32;13.17;13.46;13.3
05/08/2015;13.37;13.31;13.66;13.53
04/08/2015;13.4;13.26;13.73;13.73
03/08/2015;13.73;13.55;13.81;13.72
31/07/2015;13.79;13.49;13.79;13.53
30/07/2015;13.42;13.31;13.66;13.65
29/07/2015;13.59;13.34;13.66;13.41
28/07/2015;13.45;13.07;13.66;13.43
27/07/2015;13.21;13.12;13.4;13.18
24/07/2015;13.24;12.91;13.27;13.25
23/07/2015;13.3;13.25;13.96;13.96
22/07/2015;13.87;13.73;14.06;13.99
21/07/2015;14.09;14.01;14.29;14.22
20/07/2015;14.21;14.14;14.36;14.32
17/07/2015;14.3;14.22;14.49;14.4
16/07/2015;14.39;14.26;14.56;14.51
15/07/2015;14.35;14.3;14.62;14.54
14/07/2015;14.6;14.42;14.66;14.55
13/07/2015;14.59;14.48;14.72;14.54
10/07/2015;14.46;14.2;14.51;14.34
08/07/2015;14.03;13.96;14.21;14.08
07/07/2015;14.19;13.87;14.22;14.05
06/07/2015;14.14;14.05;14.42;14.21
03/07/2015;14.39;14.34;14.53;14.44
02/07/2015;14.53;14.39;14.62;14.48
01/07/2015;14.34;14.18;14.37;14.36
